,country,CPI 2015 Score,lu,lpc,lsc,lhc,yr_sch,"Adolescent fertility rate (births per 1,000 women ages 15-19)","Employers, female (% of female employment)",Law prohibits discr employ b gender,"Labor force, female (% of total labor force)",The law prohibits disc access credit b gender,The government administers of maternity leave benefits,There is paid parental leave,legislation addressing domestic violence,Score(%)_hs,Score(%)_d,Score(%)_v,Value,First Tooltip,year,Life Ladder,Log GDP per capita,Social support,Healthy life expectancy at birth,Freedom to make life choices,Generosity,Perceptions of corruption
0,Afghanistan,11,45.44,18.22,9.63,4.97,4.826,81.693,1.01999998092651,0,18.7877621423825,0,0,0,0,30,51,9,48.57,4.8,2015,3.9828546047210693,7.701992034912109,0.5285972356796265,53.20000076293945,0.3889275789260864,0.07986410707235336,0.8806383013725281
1,Albania,36,2.46,2.83,34.48,9.3,10.972,20.0772,0.959999978542328,1,41.132848207796,1,1,0,1,30,53,9,31.43,6.0,2015,4.6066508293151855,9.403101921081543,0.6393561363220215,67.80000305175781,0.7038506865501404,-0.08083881437778473,0.8847930431365967
2,Argentina,32,0.62,29.88,28.45,2.93,10.206,63.096,2.35999989509583,1,41.6112460861779,0,1,0,1,25,43,12,34.29,8.8,2015,6.6971306800842285,10.083059310913086,0.9264922738075256,68.19999694824219,0.8812236785888672,-0.17384830117225647,0.8509061932563782
3,Armenia,35,0.55,0.93,46.87,24.66,11.766,22.8308,0.340000003576279,1,46.8369179064679,0,1,0,0,19,41,7,44.29,7.0,2015,4.3483195304870605,9.33444595336914,0.7225510478019714,66.0,0.5510266423225403,-0.202626571059227,0.901462197303772
4,Australia,79,0.54,2.88,40.93,24.63,12.457,11.9498,4.34999990463257,1,45.9090823133663,1,1,1,1,59,66,40,54.29,13.8,2015,7.309060573577881,10.779377937316895,0.951861560344696,72.69999694824219,0.9218710064888,0.33189859986305237,0.35655438899993896
5,Austria,76,1.45,14.46,39.7,17.97,10.779,7.7896,2.46000003814697,1,46.6778857944501,1,1,1,1,46,55,32,41.43,16.0,2015,7.076447010040283,10.881152153015137,0.9281103014945984,72.0999984741211,0.9003051519393921,0.09889271855354309,0.5574796199798584
6,Bahrain,51,4.69,7.21,32.27,12.65,9.453,13.618,2.22000002861023,1,21.7323618113708,0,0,0,0,51,71,30,32.86,5.9,2015,6.007375240325928,10.785270690917969,0.852550745010376,67.69999694824219,0.8495211601257324,0.11202140152454376,0.7445489010298807
7,Bangladesh,25,22.61,17.7,25.67,7.01,6.858,85.2192,0.330000013113022,0,28.2609109307921,0,0,0,1,27,62,10,52.86,6.1,2015,4.633473873138428,8.216117858886719,0.6014682650566101,62.79999923706055,0.8147962689399719,-0.06844885647296906,0.7206009030342102
8,Belgium,77,3.0,2.97,35.9,22.02,11.623,5.2022,2.38000011444092,1,46.0409311193835,1,1,1,1,40,54,26,44.29,20.1,2015,6.904219150543213,10.809558868408203,0.8852088451385498,71.4000015258789,0.8694749474525452,0.06221495568752289,0.4687846302986145
9,Benin,37,44.56,14.26,20.44,2.97,5.515,90.2036,0.680000007152557,1,49.0978271419923,0,0,0,1,19,37,11,41.43,9.9,2015,3.624664306640625,7.988194465637207,0.43438851833343506,53.099998474121094,0.7333835959434509,-0.026637520641088486,0.850098192691803
10,Bolivia,34,4.47,13.29,25.15,15.73,9.791,68.0956,2.49000000953674,0,40.706503059364,1,1,0,1,35,54,22,50.0,12.4,2015,5.834329128265381,8.985246658325195,0.8287057876586914,62.70000076293945,0.8836250901222229,-0.02951531484723091,0.862373948097229
11,Botswana,63,5.31,5.41,28.73,5.3,10.318,46.8966,1.87000000476837,0,48.675248965709,0,0,0,1,38,65,26,35.71,9.7,2015,3.761964797973633,9.72402286529541,0.8156560659408569,56.79999923706055,0.8571689128875732,-0.11625391244888306,0.8602929711341858
12,Brazil,38,6.47,24.93,31.27,8.45,8.626,61.0878,2.91000008583069,1,42.7181210563841,0,1,0,1,25,41,13,42.86,6.5,2015,6.546896934509277,9.619746208190918,0.9066931009292603,65.80000305175781,0.7989352941513062,-0.015561512671411037,0.7713390588760376
13,Bulgaria,41,1.88,3.39,49.82,16.02,11.199,41.4184,1.96000003814697,1,46.5281312567019,1,1,1,1,23,38,4,42.86,11.4,2015,4.865401268005371,9.88322639465332,0.9075170159339905,66.19999694824219,0.6368178129196167,-0.19982804358005524,0.941279947757721
14,Cambodia,21,18.66,18.96,5.08,2.98,4.873,49.6326,0.0799999982118607,1,48.2856540478222,1,0,0,1,26,25,9,44.29,5.3,2015,4.162164688110352,8.172927856445312,0.7286102771759033,60.400001525878906,0.9563198089599609,0.2100825160741806,0.8251302242279053
15,Cameroon,27,12.97,32.79,16.61,3.08,7.124,111.8636,2.26999998092651,0,46.9555424422548,0,1,0,0,28,59,12,34.29,12.3,2015,5.037964820861816,8.148646354675293,0.6463124752044678,50.29999923706055,0.7914285659790039,0.04931523650884628,0.8680490255355835
16,Canada,83,0.39,0.89,34.81,27.31,12.876,9.6298,2.70000004768372,1,47.0530941410076,1,1,1,1,60,69,44,40.0,12.5,2015,7.4127726554870605,10.774161338806152,0.9390670657157898,73.0,0.9314689636230469,0.25282102823257446,0.42715224623680115
17,Chile,70,5.88,3.89,43.62,12.66,10.639,46.152,2.4300000667572,1,41.3156800354811,0,1,1,1,40,47,16,42.86,10.9,2015,6.532749652862549,10.070427894592285,0.8271418809890747,69.5999984741211,0.7688814401626587,0.04059410095214844,0.8115113377571106
18,China,37,2.06,10.43,27.47,3.98,8.71,7.5318,0.949999988079071,1,43.9206950694526,0,1,0,1,12,23,4,38.57,9.6,2015,5.303877830505371,9.448722839355469,0.7937337160110474,68.4000015258789,0.7466229984157259,-0.2444354146718979,0.7445489010298807
19,Colombia,37,4.2,22.32,20.66,20.32,9.519,69.3178,2.59999990463257,1,43.2566977537134,0,1,0,1,35,63,20,54.29,8.3,2015,6.387571811676025,9.563640594482422,0.8899000287055969,66.80000305175781,0.7908979654312134,-0.10012606531381607,0.8428993225097656
20,Costa Rica,55,9.93,22.17,18.24,14.3,8.574,55.9828,1.86000001430511,1,39.3193539474101,0,0,0,1,43,67,27,47.14,7.9,2015,6.854004383087158,9.799487113952637,0.8782729506492615,70.69999694824219,0.9069256782531738,-0.059071723371744156,0.761419415473938
21,Croatia,51,0.52,0.08,59.43,12.72,11.984,9.6774,3.24000000953674,1,46.5000198683391,1,1,1,1,36,43,17,51.43,17.8,2015,5.205438137054443,10.104363441467285,0.7683634161949158,68.4000015258789,0.6935230493545532,-0.0964784175157547,0.8485455513000488
22,Cyprus,61,0.68,9.33,32.26,27.09,11.948,4.8136,0.930000007152557,1,46.4256281091028,1,1,0,1,42,58,25,41.43,4.9,2015,5.43916130065918,10.445100784301758,0.7695561051368713,73.0999984741211,0.6280348300933838,0.11379989981651306,0.8927951455116272
23,Czech Republic,56,0.2,0.85,67.25,9.69,12.924,11.484,1.86000001430511,1,44.208165745374,1,1,1,1,20,27,13,42.86,13.7,2015,6.608017444610596,10.495902061462402,0.9113625884056091,68.80000305175781,0.8084841966629028,-0.14585736393928528,0.886467456817627
24,Denmark,91,1.45,0.13,35.86,25.08,12.866,4.2482,1.78999996185303,1,46.8721093823564,1,1,1,1,42,53,21,51.43,11.9,2015,7.514424800872803,10.87840461730957,0.9597012996673584,71.5,0.9414364099502563,0.22208371758460999,0.19101639091968536
25,Ecuador,32,1.91,31.48,35.52,9.92,9.252,80.6542,1.86000001430511,1,39.5025677277849,0,0,0,1,20,36,10,45.71,9.6,2015,5.964075088500977,9.383989334106445,0.8558892011642456,67.5999984741211,0.8008704781532288,-0.11392004787921906,0.6658275127410889
26,Egypt,36,31.29,4.07,38.73,8.94,7.824,54.595,1.94000005722046,1,23.4014242119828,0,0,0,0,23,47,7,50.0,3.8,2015,4.762538433074951,9.265817642211914,0.7297442555427551,60.79999923706055,0.6592614650726318,-0.0885595828294754,0.6844980716705322
27,El Salvador,39,12.8,16.71,25.13,5.72,7.747,71.0814,3.19000005722046,1,41.8919344734582,1,1,0,1,23,43,19,51.43,14.0,2015,6.018496036529541,9.004916191101074,0.7907553911209106,65.19999694824219,0.7333559393882751,-0.15617093443870544,0.8045442700386047
28,Estonia,70,0.54,2.35,47.77,21.76,12.411,11.0712,1.89999997615814,1,48.711902839672,1,1,1,0,26,39,19,60.0,15.8,2015,5.628908634185791,10.348464965820312,0.9179296493530273,68.0,0.8146923780441284,-0.1636808067560196,0.5687344670295715
29,Finland,90,0.42,16.63,32.23,13.78,11.3,6.457,2.13000011444092,1,48.2888386747575,1,0,1,1,43,60,30,51.43,14.4,2015,7.447925567626953,10.716032981872559,0.9478005766868591,71.5999984741211,0.9298619031906128,0.1112648993730545,0.22336965799331665
30,France,70,1.44,19.63,20.28,14.18,10.349,5.4954,2.20000004768372,1,47.7168027624922,1,1,1,1,32,39,30,45.71,18.0,2015,6.3576250076293945,10.681742668151855,0.8957194089889526,73.19999694824219,0.8170362114906311,-0.139271080493927,0.6406020522117615
31,Gabon,34,8.6,16.37,27.91,8.06,9.379,100.2026,1.39999997615814,1,40.4292248631871,0,1,0,0,24,51,10,25.71,7.3,2015,4.661012649536133,9.649173736572266,0.7558619976043701,58.20000076293945,0.6713007092475891,-0.1935608983039856,0.8667774796485901
32,Germany,81,2.35,5.78,54.39,13.82,12.286,8.0822,2.50999999046326,1,46.2716558227356,1,0,1,1,47,61,32,47.14,13.8,2015,7.037137508392334,10.843671798706055,0.925923228263855,71.30000305175781,0.8894288539886475,0.1776224672794342,0.4121682941913605
33,Ghana,47,21.03,8.37,23.88,2.42,8.126,68.677,4.26000022888184,1,46.3114646286927,0,0,0,1,35,56,27,55.71,5.3,2015,3.9859161376953125,8.449007034301758,0.6874485611915588,56.0,0.8520161509513855,-0.03834652155637741,0.9454361200332642
34,Greece,46,0.8,17.14,33.66,23.91,11.145,7.7494,4.38000011444092,1,44.0810923732333,1,1,0,1,17,38,7,28.57,4.8,2015,5.622519016265869,10.258951187133789,0.8348246812820435,71.80000305175781,0.5317363142967224,-0.27197811007499695,0.8239596486091614
35,Guatemala,28,18.32,23.77,18.07,1.86,5.809,73.9864,2.5699999332428,0,33.0010334186808,0,1,0,1,49,68,41,38.57,3.1,2015,6.464986801147461,9.002745628356934,0.8228374719619751,63.900001525878906,0.8686397671699524,0.0512973815202713,0.8216549158096313
36,Guinea,25,37.23,41.01,9.4,0.56,4.646,139.5256,0.579999983310699,1,54.3685856375491,0,0,0,0,31,54,20,34.29,6.4,2015,3.5046935081481934,7.644764423370361,0.5788596272468567,51.099998474121094,0.6659530401229858,0.006546582095324993,0.7621520161628723
37,Guinea,25,37.23,41.01,9.4,0.56,4.646,139.5256,0.579999983310699,1,54.3685856375491,0,0,0,0,31,54,20,34.29,6.4,2015,3.5046935081481934,7.644764423370361,0.5788596272468567,51.099998474121094,0.6659530401229858,0.006546582095324993,0.7621520161628723
38,Haiti,17,18.19,5.34,20.55,0.73,5.318,54.032,0.349999994039536,1,48.0481830850378,0,0,0,0,36,40,24,37.14,11.7,2015,3.5697624683380127,7.47552490234375,0.5643196702003479,55.099998474121094,0.39829549193382263,0.30593231320381165,0.7774039506912231
39,Honduras,31,9.92,26.95,17.11,6.72,7.037,75.7848,4.55000019073486,1,36.7602371121149,1,0,0,1,36,50,33,47.14,2.8,2015,4.8454365730285645,8.57232666015625,0.7723755240440369,66.5999984741211,0.5340576767921448,-0.09682408720254898,0.8480827212333679
40,Hungary,51,0.38,2.8,55.05,18.15,12.0,22.5134,3.08999991416931,1,45.7955015539889,1,1,1,1,22,35,11,48.57,20.3,2015,5.344383239746094,10.223447799682617,0.8587338328361511,66.4000015258789,0.5577213764190674,-0.1978226602077484,0.9075303077697754
41,India,38,25.3,15.66,27.25,6.91,7.352,19.127,0.5,1,20.6521225457954,0,0,0,1,25,37,17,42.86,16.5,2015,4.342079162597656,8.604167938232422,0.6101332902908325,58.900001525878906,0.7772252559661865,-0.005146285519003868,0.7764349579811096
42,Indonesia,36,4.01,25.52,25.98,7.59,8.649,48.6144,1.82000005245209,1,38.0616512623905,0,0,0,1,46,35,38,52.86,3.4,2015,5.042799949645996,9.225190162658691,0.8094781041145325,61.5,0.7794183492660522,0.471330463886261,0.9459672570228577
43,Iran,27,10.73,9.81,15.51,22.28,9.363,38.2094,1.33000004291534,0,17.2736821456974,0,1,0,0,43,50,24,32.86,4.0,2015,4.749955654144287,9.44920825958252,0.5724068880081177,65.0999984741211,0.7803832292556763,0.1763601452112198,0.698951244354248
44,Iraq,16,13.75,22.09,20.67,6.72,7.834,74.837,1.12999999523163,1,16.0139356319267,0,0,0,0,42,79,18,38.57,3.1,2015,4.493377208709717,9.240935325622559,0.6844348311424255,58.400001525878906,0.5994599461555481,0.01945452205836773,0.7621671557426453
45,Ireland,75,0.37,7.69,32.17,26.9,12.436,8.8202,2.22000002861023,1,45.1912497459581,1,1,0,1,56,59,41,42.86,11.5,2015,6.830125331878662,11.173857688903809,0.9529425501823425,72.0,0.89227694272995,0.2326010912656784,0.40875691175460815
46,Israel,61,1.94,4.81,40.86,25.58,12.697,10.3814,1.5,1,47.0046241042039,1,1,0,1,32,27,21,44.29,5.0,2015,7.079411029815674,10.535648345947266,0.8641301989555359,72.69999694824219,0.7527839541435242,0.10847609490156174,0.7894299030303955
47,Italy,44,1.0,5.7,39.98,10.31,11.03,5.5016,4.09000015258789,1,42.1307631857279,1,1,1,1,33,50,17,45.71,8.0,2015,5.847683906555176,10.607693672180176,0.908986508846283,73.0,0.5747657418251038,-0.06420718133449554,0.9127530455589294
48,Japan,75,0.13,4.53,40.69,25.98,12.826,4.0596,0.819999992847443,1,42.801874395819,0,1,1,1,26,28,26,57.14,19.4,2015,5.8796844482421875,10.588424682617188,0.9226571917533875,74.69999694824219,0.8316941857337952,-0.15512794256210327,0.654443085193634
49,Jordan,53,3.84,9.61,31.66,3.47,10.153,26.7598,0.850000023841858,0,17.6217930375297,0,1,0,1,23,46,5,44.29,2.9,2015,5.404593467712402,9.20739459991455,0.8304438591003418,66.19999694824219,0.7665170431137085,-0.04579333961009979,0.7445489010298807
50,Kazakhstan,28,0.1,1.18,66.5,13.52,11.367,30.374,0.779999971389771,1,48.5688986067282,0,1,1,1,37,51,25,40.0,24.9,2015,5.949995040893555,10.097837448120117,0.9313492774963379,62.79999923706055,0.7401328086853027,-0.036992888897657394,0.7138442993164062
51,Kenya,25,9.99,26.47,14.75,4.46,6.908,79.508,0.180000007152557,1,48.4822963502749,0,0,0,0,52,74,43,45.71,3.1,2015,4.3576178550720215,8.249250411987305,0.7769230604171753,58.29999923706055,0.7929903268814087,0.2206527590751648,0.8525498509407043
52,Kuwait,49,3.97,11.18,12.66,7.85,6.993,8.6948,0.270000010728836,0,27.0665305342589,0,0,0,0,46,74,15,47.14,2.3,2015,6.146031856536865,10.912070274353027,0.8230177760124207,66.0999984741211,0.821662425994873,0.08159535378217697,0.7445489010298807
53,Kyrgyzstan,28,0.21,4.08,67.46,10.6,11.038,37.265,1.51999998092651,1,41.0056552886476,1,0,0,1,49,53,36,40.0,8.1,2015,4.905375957489014,8.477441787719727,0.8565845489501953,63.20000076293945,0.8131758570671082,0.19976788759231567,0.8577250242233276
54,Latvia,56,0.23,2.1,54.85,18.07,11.736,15.8182,2.57999992370605,1,49.5789977856602,1,1,1,1,24,33,9,50.0,21.6,2015,5.8805975914001465,10.184513092041016,0.8793724179267883,65.9000015258789,0.6563931703567505,-0.07739152759313583,0.8084003925323486
55,Liberia,37,39.79,22.13,13.05,1.88,4.703,137.194,1.00999999046326,0,47.0734818991064,0,0,0,0,45,78,46,35.71,6.5,2015,2.7015912532806396,7.365483283996582,0.6376659870147705,53.70000076293945,0.6714308857917786,-0.06149032339453697,0.9026726484298706
56,Lithuania,59,0.05,2.95,50.96,21.29,11.756,11.8836,1.33000004291534,1,50.4729256364737,1,1,1,1,17,33,8,41.43,34.9,2015,5.71137809753418,10.335315704345703,0.9285235404968262,65.5,0.641470193862915,-0.25363197922706604,0.9241740703582764
57,Luxembourg,85,0.65,10.76,30.04,20.8,11.963,5.3978,2.29999995231628,1,45.1398983522022,1,1,1,1,43,38,34,48.57,14.7,2015,6.701571464538574,11.616852760314941,0.9336045980453491,72.5999984741211,0.9322564005851746,0.052099939435720444,0.3753904700279236
58,Malawi,31,11.81,18.84,9.09,0.23,5.359,137.2998,0.759999990463257,1,48.4851324944406,0,0,0,1,42,73,33,42.86,3.6,2015,3.867638349533081,6.9346208572387695,0.4943816363811493,55.5,0.8013907074928284,0.05806805565953255,0.8348253965377808
59,Malaysia,50,2.72,9.8,44.22,10.71,11.367,13.308,1.71000003814697,0,37.9853068495859,0,0,0,1,52,62,37,42.86,5.4,2015,6.3221211433410645,10.118295669555664,0.8176162838935852,66.4000015258789,0.6745944619178772,0.2223144769668579,0.8378922343254089
60,Mali,35,64.23,7.45,5.95,1.63,2.783,173.0382,0.129999995231628,0,43.751550322219,0,1,0,0,22,48,5,41.43,4.8,2015,4.582098484039307,7.668847560882568,0.8301891684532166,50.20000076293945,0.6337535381317139,-0.06758229434490204,0.8000467419624329
61,Malta,60,2.43,8.43,26.5,15.99,11.816,13.0422,1.87000000476837,1,38.8493769058996,1,0,0,1,51,50,26,28.57,8.0,2015,6.613394260406494,10.565675735473633,0.9187648892402649,72.19999694824219,0.9121780395507812,0.34702906012535095,0.663886308670044
62,Mauritania,31,23.32,40.68,9.17,1.4,5.205,74.2362,0.759999990463257,1,30.891205793218,0,1,0,0,24,33,22,35.71,4.3,2015,3.922664165496826,8.54236125946045,0.8749459385871887,56.099998474121094,0.4470865726470947,0.05547939985990524,0.7153584361076355
63,Mexico,31,10.9,9.57,21.57,13.89,9.143,62.607,2.29999995231628,1,37.4797332378036,1,1,0,1,29,44,18,54.29,5.6,2015,6.2362871170043945,9.8672513961792,0.760614275932312,67.4000015258789,0.719465970993042,-0.15175363421440125,0.7079719305038452
64,Mongolia,39,3.61,4.66,47.98,23.07,9.868,29.2282,0.870000004768372,1,45.469943359724,1,1,0,0,39,39,34,45.71,13.1,2015,4.982719898223877,9.307735443115234,0.9055243730545044,61.70000076293945,0.6855107545852661,0.1730996072292328,0.9002181887626648
65,Morocco,36,35.02,25.75,12.41,7.54,6.016,32.0676,0.759999990463257,1,24.9530748995526,1,1,0,0,21,55,5,41.43,2.9,2015,5.163156986236572,8.87202262878418,0.6059176325798035,65.0,0.7129334211349487,-0.22769343852996826,0.8418569564819336
66,Myanmar,22,10.88,31.36,13.95,4.79,5.427,29.0358,1.3400000333786,0,41.6164699276514,0,1,0,0,66,55,50,50.0,7.6,2015,4.223846435546875,8.359018325805664,0.7520642876625061,58.099998474121094,0.8079710602760315,0.6875602006912231,0.6333051919937134
67,Nepal,27,27.81,18.81,15.65,3.08,5.367,69.5002,0.389999985694885,0,55.4205310507949,0,0,0,1,32,37,27,48.57,9.1,2015,4.812436580657959,7.9764404296875,0.7476118803024292,60.20000076293945,0.7634472250938416,0.22741396725177765,0.8235083818435669
68,Netherlands,84,0.08,6.19,37.09,20.01,11.794,4.052,2.09999990463257,1,45.9830613735497,1,1,0,1,56,59,36,47.14,12.5,2015,7.324437141418457,10.882254600524902,0.8790104389190674,72.0,0.9039787650108337,0.2614469826221466,0.411822110414505
69,New Zealand,91,0.1,28.58,22.76,12.97,10.998,20.7336,2.5,1,47.2493127645311,1,1,0,1,61,65,45,51.43,12.1,2015,7.418120861053467,10.608246803283691,0.9873434901237488,72.5999984741211,0.9417842626571655,0.32943692803382874,0.18588870763778687
70,Nicaragua,27,12.49,22.47,20.85,11.37,7.673,88.5716,2.74000000953674,1,38.5770825168105,1,0,0,1,34,47,20,38.57,12.2,2015,5.924112796783447,8.635926246643066,0.826908528804779,66.5999984741211,0.8092591762542725,0.07717341184616089,0.7279983758926392
71,Niger,34,65.13,14.72,2.92,0.93,2.427,192.22,0.239999994635582,1,42.5659713370639,0,0,0,0,19,39,9,42.86,4.7,2015,3.6714537143707275,7.030498027801514,0.713019609451294,52.0,0.7281283140182495,-0.03214083984494209,0.7025496959686279
72,Norway,88,1.24,0.36,38.28,19.17,12.706,5.5002,0.829999983310699,1,47.107290207942,0,1,1,1,49,55,32,52.86,12.4,2015,7.603433609008789,11.033207893371582,0.9468339681625366,72.9000015258789,0.9476205110549927,0.256901353597641,0.2988143563270569
73,Pakistan,30,37.81,16.02,23.49,6.47,5.987,39.8832,0.100000001490116,0,21.9518671141353,0,0,0,1,28,36,12,50.0,2.9,2015,4.823194980621338,8.361321449279785,0.5617201328277588,57.29999923706055,0.5865462422370911,0.08540236949920654,0.7166411876678467
74,Panama,39,4.28,20.41,32.97,15.45,10.085,83.8412,1.79999995231628,1,39.2275162685369,0,1,0,1,39,49,31,44.29,3.9,2015,6.605550289154053,10.255423545837402,0.8826150298118591,69.30000305175781,0.8466691970825195,-0.006957769859582186,0.809942901134491
75,Paraguay,27,2.19,27.81,27.76,9.69,8.814,71.4732,2.52999997138977,1,39.5305725606281,1,1,0,1,22,25,10,45.71,9.9,2015,5.5597243309021,9.376697540283203,0.9141990542411804,65.0999984741211,0.806124746799469,-0.007561531849205494,0.8628882765769958
76,Peru,36,4.07,12.02,50.68,15.59,9.987,59.0564,2.44000005722046,1,45.6342054512299,1,1,0,1,23,38,16,70.0,4.9,2015,5.577263355255127,9.401808738708496,0.7984183430671692,67.19999694824219,0.8022690415382385,-0.0899965763092041,0.883730411529541
77,Philippines,35,1.64,14.66,22.42,6.56,9.007,55.404,1.89999997615814,1,39.7315909966501,1,1,0,1,40,55,42,48.57,3.2,2015,5.547489166259766,8.895648002624512,0.8535885810852051,61.599998474121094,0.9115335941314697,-0.0511600486934185,0.7551915645599365
78,Poland,63,0.36,9.04,53.15,16.1,11.776,12.056,2.58999991416931,1,44.8057731691732,1,1,1,1,31,51,13,41.43,15.8,2015,6.007021903991699,10.235350608825684,0.8930904269218445,68.0999984741211,0.7934621572494507,-0.09301692992448807,0.8100963234901428
79,Portugal,64,2.28,32.94,16.09,4.99,9.499,9.5936,2.82999992370605,1,48.8514867048655,1,1,1,1,30,51,15,50.0,13.8,2015,5.08086633682251,10.346818923950195,0.866213858127594,71.80000305175781,0.8004403114318848,-0.16310612857341766,0.9410507678985596
80,Romania,46,0.84,0.5,53.42,9.64,11.388,36.351,0.660000026226044,1,43.0006756346061,1,1,1,1,28,54,7,48.57,11.6,2015,5.777491092681885,10.08348560333252,0.7869673371315002,66.30000305175781,0.7958477139472961,-0.1412583291530609,0.9616509675979614
81,Russia,29,0.72,1.07,24.22,27.58,12.073,22.9874,0.860000014305115,1,48.4398908987189,0,1,1,0,20,32,19,41.43,32.1,2015,5.995538711547852,10.149029731750488,0.9243632555007935,63.099998474121094,0.6854547262191772,-0.17106080055236816,0.9134182929992676
82,Rwanda,54,19.52,29.67,8.18,1.83,5.526,39.6864,0.0399999991059303,1,51.495760235182,0,0,0,1,19,30,11,45.71,6.8,2015,3.4831089973449707,7.5436811447143555,0.6781435608863831,59.29999923706055,0.9078923463821411,0.025018684566020966,0.09460446983575821
83,Saudi Arabia,52,3.45,14.59,27.45,17.54,10.069,8.5584,0.200000002980232,0,16.2511069585473,0,0,0,1,40,73,15,35.71,3.2,2015,6.345491886138916,10.797966957092285,0.8197497129440308,65.4000015258789,0.8202072381973267,-0.04480266198515892,0.7445489010298807
84,Senegal,44,53.36,11.66,5.95,2.15,3.693,77.0754,0.430000007152557,0,40.2068790293732,0,1,0,1,30,60,14,55.71,6.2,2015,4.617000579833984,7.99512243270874,0.7015345096588135,58.400001525878906,0.7195332646369934,-0.11110300570726395,0.7654901742935181
85,Serbia,40,0.97,2.58,55.93,12.03,11.659,16.3292,2.33999991416931,1,43.7336079416838,1,1,1,1,23,24,6,51.43,15.0,2015,5.317685127258301,9.649492263793945,0.8162510395050049,67.0,0.5458920001983643,-0.06208997592329979,0.859358012676239
86,Sierra Leone,29,45.43,13.73,6.98,0.88,4.415,118.3336,2.78999996185303,0,49.3206623748105,0,0,0,1,38,70,25,42.86,9.3,2015,4.908617973327637,7.347185134887695,0.6105937361717224,46.0,0.6242961287498474,0.05044646933674812,0.824828028678894
87,Singapore,85,0.83,3.44,30.47,39.41,12.766,3.6816,3.46000003814697,0,41.6493810193163,0,0,1,1,43,44,27,44.29,9.0,2015,6.619524955749512,11.40049934387207,0.8664366602897644,75.9000015258789,0.8868908882141113,0.14967015385627747,0.09894388169050217
88,Slovakia,51,0.64,10.95,56.87,9.09,12.04,24.396,1.86000001430511,1,45.2558796681392,1,1,1,1,22,32,11,45.71,12.8,2015,6.162004470825195,10.290573120117188,0.9434536695480347,68.0,0.587157666683197,-0.12785226106643677,0.9275451302528381
89,Slovenia,60,0.19,1.08,55.04,15.52,12.15,4.1576,2.03999996185303,1,45.8673712658846,1,1,1,1,42,50,35,40.0,21.0,2015,5.740642070770264,10.432632446289062,0.9011637568473816,70.19999694824219,0.8960072994232178,0.007825181819498539,0.8921979069709778
90,South Africa,44,3.18,5.32,54.44,4.71,10.177,69.5352,2.25,1,44.842045634207,1,1,0,1,40,73,28,45.71,11.8,2015,4.887325763702393,9.460323333740234,0.8980962634086609,55.29999923706055,0.8624494075775146,-0.12704870104789734,0.8526947498321533
91,Spain,58,2.84,10.93,19.83,21.05,10.931,8.2238,3.28999996185303,1,46.1615174333212,1,1,0,1,36,54,20,52.86,8.1,2015,6.3806633949279785,10.530786514282227,0.956471860408783,73.5,0.732000470161438,-0.0723392590880394,0.8216649293899536
92,Sri Lanka,37,2.05,7.79,55.46,2.82,11.127,21.2944,1.12000000476837,0,34.2699624146216,0,0,0,1,56,60,48,42.86,14.8,2015,4.611606597900391,9.383496284484863,0.8625000715255737,66.5999984741211,0.9020747542381287,0.3191469609737396,0.8594709634780884
93,Sweden,89,2.37,2.64,40.83,22.36,12.046,5.2108,1.70000004768372,1,47.7030077869698,1,1,1,1,44,55,17,47.14,15.7,2015,7.288922309875488,10.853300094604492,0.9294599890708923,72.30000305175781,0.9350720643997192,0.21117615699768066,0.2319641411304474
94,Switzerland,86,1.75,12.98,35.39,22.82,12.216,3.059,3.32999992370605,1,46.4993243222188,0,1,0,1,42,51,27,35.71,17.1,2015,7.572136878967285,11.099858283996582,0.9383337497711182,73.19999694824219,0.9278024435043335,0.10892389714717865,0.20953351259231567
95,Tajikistan,26,0.6,6.48,53.19,10.32,10.759,54.4168,0.0,1,37.3043819751001,1,1,1,1,33,41,37,34.29,2.5,2015,5.124210834503174,7.945079326629639,0.8439325094223022,63.20000076293945,0.8465421199798584,0.022057460620999336,0.7416896224021912
96,Thailand,38,4.27,17.95,17.83,14.33,8.756,47.57,1.51999998092651,1,45.6513657144165,0,0,0,1,48,44,14,42.86,14.6,2015,6.201762676239014,9.699014663696289,0.8663245439529419,66.5999984741211,0.8849165439605713,0.3159483075141907,0.9136511087417603
97,Togo,32,29.02,21.9,14.4,2.22,6.834,90.1494,1.12000000476837,1,47.7266990132771,0,0,0,0,19,43,9,38.57,9.4,2015,3.7683019638061523,7.277405738830566,0.4785934090614319,53.5,0.7715772390365601,-0.06868194788694382,0.73326176404953
98,Tunisia,38,12.63,17.46,16.76,9.24,8.439,7.7406,2.88000011444092,1,27.9897641706593,0,1,0,0,17,41,6,42.86,3.4,2015,5.1316118240356445,9.261008262634277,0.609470009803772,66.0,0.7113733887672424,-0.22603139281272888,0.8148249983787537
99,Uganda,25,13.94,13.81,2.62,1.12,5.761,124.0568,3.04999995231628,1,49.005018025427,0,0,0,1,37,67,24,48.57,9.9,2015,4.237686634063721,7.626735210418701,0.7466331124305725,54.5,0.757835328578949,0.1350565254688263,0.8727403879165649
100,Ukraine,27,0.24,6.04,39.18,27.38,11.568,25.4078,0.720000028610229,1,47.3704994741586,1,1,0,1,29,35,13,38.57,23.1,2015,3.964542865753174,9.326973915100098,0.909439742565155,63.70000076293945,0.43059203028678894,-0.03340182453393936,0.9524727463722229
101,United Arab Emirates,70,4.79,8.61,21.68,41.65,11.736,10.6356,1.02999997138977,0,16.0908023424065,0,0,0,0,50,69,22,45.71,2.8,2015,6.568397521972656,11.085502624511719,0.8241366744041443,66.5,0.9150362014770508,0.20111078023910522,0.7445489010298807
102,United Kingdom,81,0.12,7.17,36.24,24.02,12.858,15.4136,1.3400000333786,1,46.4571476271491,1,0,1,1,57,63,32,45.71,8.7,2015,6.515445232391357,10.712478637695312,0.9359857439994812,71.69999694824219,0.8329260945320129,0.3001050055027008,0.45613372325897217
103,Uruguay,74,0.32,35.51,18.62,9.38,8.943,59.4974,2.71000003814697,1,45.0692277395704,0,1,0,1,31,50,18,50.0,19.4,2015,6.628080368041992,9.932482719421387,0.8914934992790222,68.69999694824219,0.9168796539306641,-0.032266486436128616,0.6734756827354431
104,Venezuela,17,2.11,16.3,28.55,17.92,10.209,86.3302,1.12000000476837,1,39.756551080257,0,1,0,1,20,39,11,41.43,3.8,2015,5.568800449371338,9.001046180725098,0.9110868573188782,65.9000015258789,0.5121593475341797,-0.11693695187568665,0.813096821308136
105,Vietnam,31,13.82,10.02,23.85,4.09,7.771,32.9818,1.87000000476837,1,47.7100726783069,1,1,0,1,31,53,14,40.0,7.2,2015,5.076315402984619,8.770013809204102,0.8486766815185547,67.30000305175781,0.7466229984157259,0.08550644665956497,0.7445489010298807
106,Yemen,18,46.03,16.86,10.79,3.58,4.74,63.28,1.62000000476837,1,8.06938770984221,0,0,0,0,15,37,3,37.14,8.6,2015,2.9826738834381104,7.857512474060059,0.6686834692955017,54.29999923706055,0.6099807620048523,-0.13938328623771667,0.8290975689888
107,Zambia,38,9.93,21.57,17.09,1.12,7.988,126.7456,0.209999993443489,1,47.9428657994598,0,0,0,1,39,69,29,38.57,6.1,2015,4.843164443969727,8.144257545471191,0.6914834976196289,53.79999923706055,0.7586536407470703,-0.03881865739822388,0.8710195422172546
108,Zimbabwe,21,3.52,26.4,1.94,3.3,8.125,95.2182,0.310000002384186,1,50.9763838739591,1,0,0,1,29,55,21,41.43,10.6,2015,3.7031912803649902,7.992339134216309,0.7358003258705139,53.79999923706055,0.6671932935714722,-0.12317058444023132,0.8104573488235474
